fecha,billete_compra,billete_venta,divisa_compra,divisa_venta
2018-01-01,18.4,18.9,18.549,18.649
2018-01-02,18.15,18.65,18.31,18.41
2018-01-03,18.2,18.7,18.345,18.445
2018-01-04,18.4,18.9,18.53,18.63
2018-01-05,18.6,19.1,18.76,18.86
2018-01-06,18.6,19.1,18.76,18.86
2018-01-07,18.6,19.1,18.76,18.86
2018-01-08,18.8,19.3,18.93,19.03
2018-01-09,18.7,19.2,18.83,18.93
2018-01-10,18.35,18.85,18.52,18.62
2018-01-11,18.45,18.95,18.61,18.71
2018-01-12,18.45,18.95,18.59,18.69
2018-01-13,18.45,18.95,18.59,18.69
2018-01-14,18.45,18.95,18.59,18.69
2018-01-15,18.5,19,18.67,18.77
2018-01-16,18.65,19.15,18.8,18.9
2018-01-17,18.6,19.1,18.75,18.85
2018-01-18,18.6,19.1,18.77,18.87
2018-01-19,18.75,19.25,18.895,18.995
2018-01-20,18.75,19.25,18.895,18.995
2018-01-21,18.75,19.25,18.895,18.995
2018-01-22,18.85,19.35,19.046,19.146
2018-01-23,19.1,19.6,19.235,19.335
2018-01-24,19.4,19.9,19.55,19.65
2018-01-25,19.3,19.8,19.46,19.56
2018-01-26,19.3,19.8,19.47,19.57
2018-01-27,19.3,19.8,19.47,19.57
2018-01-28,19.3,19.8,19.47,19.57
2018-01-29,19.3,19.8,19.48,19.58
2018-01-30,19.35,19.85,19.535,19.635
2018-01-31,19.4,19.9,19.55,19.65
2018-02-01,19.15,19.65,19.28,19.38
2018-02-02,19.25,19.75,19.395,19.495
2018-02-03,19.25,19.75,19.395,19.495
2018-02-04,19.25,19.75,19.395,19.495
2018-02-05,19.25,19.75,19.38,19.48
2018-02-06,19.35,19.85,19.46,19.56
2018-02-07,19.4,19.9,19.595,19.695
2018-02-08,19.7,20.2,19.87,19.97
2018-02-09,19.75,20.25,19.88,19.98
2018-02-10,19.75,20.25,19.88,19.98
2018-02-11,19.75,20.25,19.88,19.98
2018-02-12,19.75,20.25,19.88,19.98
2018-02-13,19.75,20.25,19.88,19.98
2018-02-14,19.65,20.15,19.8,19.9
2018-02-15,19.45,19.95,19.56,19.66
2018-02-16,19.5,20,19.66,19.76
2018-02-17,19.5,20,19.66,19.76
2018-02-18,19.5,20,19.66,19.76
2018-02-19,19.65,20.15,19.8,19.9
2018-02-20,19.6,20.1,19.75,19.85
2018-02-21,19.65,20.15,19.825,19.925
2018-02-22,19.7,20.2,19.85,19.95
2018-02-23,19.7,20.2,19.88,19.98
2018-02-24,19.7,20.2,19.88,19.98
2018-02-25,19.7,20.2,19.88,19.98
2018-02-26,19.95,20.45,20.1,20.2
2018-02-27,19.95,20.45,20.1,20.2
2018-02-28,19.85,20.35,20.01,20.11
2018-03-01,19.9,20.4,20.051,20.151
2018-03-02,20,20.5,20.17,20.27
2018-03-03,20,20.5,20.17,20.27
2018-03-04,20,20.5,20.17,20.27
2018-03-05,19.95,20.45,20.11,20.21
2018-03-06,20.1,20.6,20.24,20.34
2018-03-07,20.15,20.65,20.31,20.41
2018-03-08,20.15,20.65,20.26,20.36
2018-03-09,20,20.5,20.15,20.25
2018-03-10,20,20.5,20.15,20.25
2018-03-11,20,20.5,20.15,20.25
2018-03-12,19.95,20.45,20.1,20.2
2018-03-13,19.95,20.45,20.12,20.22
2018-03-14,19.95,20.45,20.13,20.23
2018-03-15,20.1,20.6,20.245,20.345
2018-03-16,19.95,20.45,20.1,20.2
2018-03-17,19.95,20.45,20.1,20.2
2018-03-18,19.95,20.45,20.1,20.2
2018-03-19,19.95,20.45,20.1,20.2
2018-03-20,20,20.5,20.165,20.265
2018-03-21,20.05,20.55,20.17,20.27
2018-03-22,20,20.5,20.125,20.225
2018-03-23,19.95,20.45,20.09,20.19
2018-03-24,19.95,20.45,20.09,20.19
2018-03-25,19.95,20.45,20.09,20.19
2018-03-26,19.95,20.45,20.09,20.19
2018-03-27,19.95,20.45,20.068,20.168
2018-03-28,19.9,20.4,20.049,20.149
2018-03-29,19.9,20.4,20.049,20.149
2018-03-30,19.9,20.4,20.049,20.149
2018-03-31,19.9,20.4,20.049,20.149
2018-04-01,19.9,20.4,20.049,20.149
2018-04-02,19.9,20.4,20.049,20.149
2018-04-03,19.9,20.4,20.08,20.18
2018-04-04,19.95,20.45,20.08,20.18
2018-04-05,19.95,20.45,20.1,20.2
2018-04-06,19.95,20.45,20.08,20.18
2018-04-07,19.95,20.45,20.08,20.18
2018-04-08,19.95,20.45,20.08,20.18
2018-04-09,19.95,20.45,20.09,20.19
2018-04-10,19.95,20.45,20.06,20.16
2018-04-11,19.9,20.4,20.068,20.168
2018-04-12,19.95,20.45,20.11,20.21
2018-04-13,19.95,20.45,20.12,20.22
2018-04-14,19.95,20.45,20.12,20.22
2018-04-15,19.95,20.45,20.12,20.22
2018-04-16,19.95,20.45,20.12,20.22
2018-04-17,19.95,20.45,20.08,20.18
2018-04-18,19.95,20.45,20.035,20.135
2018-04-19,19.9,20.4,20.06,20.16
2018-04-20,19.95,20.45,20.09,20.19
2018-04-21,19.95,20.45,20.09,20.19
2018-04-22,19.95,20.45,20.09,20.19
2018-04-23,20,20.5,20.16,20.26
2018-04-24,20,20.5,20.16,20.26
2018-04-25,20,20.5,20.152,20.252
2018-04-26,20.3,20.8,20.45,20.55
2018-04-27,20.3,20.8,20.44,20.54
2018-04-28,20.3,20.8,20.44,20.54
2018-04-29,20.3,20.8,20.44,20.54
2018-04-30,20.3,20.8,20.44,20.54
2018-05-01,20.3,20.8,20.44,20.54
2018-05-02,20.95,21.45,21.1,21.2
2018-05-03,22.7,23.3,22.9,23
2018-05-04,21.4,22.2,21.7,21.8
2018-05-05,21.4,22.2,21.7,21.8
2018-05-06,21.4,22.2,21.7,21.8
2018-05-07,21.5,22.3,21.86,21.96
2018-05-08,22,22.8,22.3,22.4
2018-05-09,22.3,23.1,22.62,22.72
2018-05-10,22.3,23.1,22.59,22.69
2018-05-11,22.7,23.7,23.16,23.26
2018-05-12,22.7,23.7,23.16,23.26
2018-05-13,22.7,23.7,23.16,23.26
2018-05-14,24.3,25.3,24.89,24.99
2018-05-15,23.5,24.5,23.95,24.05
2018-05-16,23.8,24.8,24.19,24.29
2018-05-17,23.8,24.8,24.22,24.32
2018-05-18,23.9,24.9,24.33,24.43
2018-05-19,23.9,24.9,24.33,24.43
2018-05-20,23.9,24.9,24.33,24.43
2018-05-21,23.9,24.9,24.289,24.389
2018-05-22,23.8,24.8,24.18,24.28
2018-05-23,23.9,24.9,24.375,24.475
2018-05-24,24.1,25.1,24.5,24.6
2018-05-25,24.1,25.1,24.5,24.6
2018-05-26,24.1,25.1,24.5,24.6
2018-05-27,24.1,25.1,24.5,24.6
2018-05-28,24.2,25.2,24.61,24.71
2018-05-29,24.4,25.4,24.74,24.84
2018-05-30,24.4,25.4,24.83,24.93
2018-05-31,24.4,25.4,24.86,24.96
2018-06-01,24.4,25.4,24.875,24.975
2018-06-02,24.4,25.4,24.875,24.975
2018-06-03,24.4,25.4,24.875,24.975
2018-06-04,24.4,25.4,24.87,24.97
2018-06-05,24.4,25.4,24.86,24.96
2018-06-06,24.4,25.4,24.8,24.9
2018-06-07,24.4,25.4,24.885,24.985
2018-06-08,24.8,25.8,25.21,25.31
2018-06-09,24.8,25.8,25.21,25.31
2018-06-10,24.8,25.8,25.21,25.31
2018-06-11,25.5,26.5,25.9,26
2018-06-12,25.3,26.3,25.65,25.75
2018-06-13,25.5,26.5,25.9,26
2018-06-14,27.2,28.2,27.6,27.7
2018-06-15,27.8,28.8,28.25,28.35
2018-06-16,27.8,28.8,28.25,28.35
2018-06-17,27.8,28.8,28.25,28.35
2018-06-18,27.1,28.1,27.48,27.58
2018-06-19,27.2,28.2,27.66,27.76
2018-06-20,27.2,28.2,27.66,27.76
2018-06-21,27,28,27.4,27.5
2018-06-22,26.5,27.5,26.91,27.01
2018-06-23,26.5,27.5,26.91,27.01
2018-06-24,26.5,27.5,26.91,27.01
2018-06-25,26.5,27.5,26.99,27.09
2018-06-26,26.6,27.6,27,27.1
2018-06-27,26.9,27.9,27.34,27.44
2018-06-28,27.6,28.6,28,28.1
2018-06-29,28.4,29.4,28.75,28.85
2018-06-30,28.4,29.4,28.75,28.85
2018-07-01,28.4,29.4,28.75,28.85
2018-07-02,27.8,28.8,28.2,28.3
2018-07-03,27.3,28.3,27.7,27.8
2018-07-04,27.6,28.6,27.97,28.07
2018-07-05,27.5,28.5,27.95,28.05
2018-07-06,27.4,28.4,27.8,27.9
2018-07-07,27.4,28.4,27.8,27.9
2018-07-08,27.4,28.4,27.8,27.9
2018-07-09,27.4,28.4,27.8,27.9
2018-07-10,26.8,27.8,27.27,27.37
2018-07-11,26.9,27.9,27.29,27.39
2018-07-12,26.7,27.7,27.13,27.23
2018-07-13,26.7,27.7,27.11,27.21
2018-07-14,26.7,27.7,27.11,27.21
2018-07-15,26.7,27.7,27.11,27.21
2018-07-16,26.8,27.8,27.26,27.36
2018-07-17,27,28,27.45,27.55
2018-07-18,27.1,28.1,27.498,27.598
2018-07-19,27.2,28.2,27.659,27.759
2018-07-20,27.1,28.1,27.48,27.58
2018-07-21,27.1,28.1,27.48,27.58
2018-07-22,27.1,28.1,27.48,27.58
2018-07-23,27.1,28.1,27.52,27.62
2018-07-24,27,28,27.38,27.48
2018-07-25,26.9,27.9,27.29,27.39
2018-07-26,26.9,27.9,27.31,27.41
2018-07-27,26.9,27.9,27.225,27.325
2018-07-28,26.9,27.9,27.225,27.325
2018-07-29,26.9,27.9,27.225,27.325
2018-07-30,26.8,27.8,27.155,27.255
2018-07-31,26.9,27.9,27.31,27.41
2018-08-01,27,28,27.425,27.525
2018-08-02,27,28,27.35,27.45
2018-08-03,26.8,27.8,27.19,27.29
2018-08-04,26.8,27.8,27.19,27.29
2018-08-05,26.8,27.8,27.19,27.29
2018-08-06,26.9,27.9,27.23,27.33
2018-08-07,26.9,27.9,27.295,27.395
2018-08-08,27.1,28.1,27.55,27.65
2018-08-09,27.6,28.6,28.01,28.11
2018-08-10,28.7,29.7,29.15,29.25
2018-08-11,28.7,29.7,29.15,29.25
2018-08-12,28.7,29.7,29.15,29.25
2018-08-13,29.5,30.5,29.825,29.925
2018-08-14,29.1,30.1,29.51,29.61
2018-08-15,29.5,30.5,29.9,30
2018-08-16,29.3,30.3,29.74,29.84
2018-08-17,29.3,30.3,29.75,29.85
2018-08-18,29.3,30.3,29.75,29.85
2018-08-19,29.3,30.3,29.75,29.85
2018-08-20,29.3,30.3,29.75,29.85
2018-08-21,29.5,30.5,29.9,30
2018-08-22,29.7,30.7,30.15,30.25
2018-08-23,30,31,30.39,30.49
2018-08-24,30.4,31.4,30.8,30.9
2018-08-25,30.4,31.4,30.8,30.9
2018-08-26,30.4,31.4,30.8,30.9
2018-08-27,30.4,31.4,30.87,30.97
2018-08-28,30.9,31.9,31.25,31.35
2018-08-29,33.5,34.5,33.9,34
2018-08-30,37,38.2,37.5,37.6
2018-08-31,36.2,37.4,36.65,36.85
2018-09-01,36.2,37.4,36.65,36.85
2018-09-02,36.2,37.4,36.65,36.85
2018-09-03,36.8,38,37.2,37.4
2018-09-04,38.3,39.5,38.68,38.88
2018-09-05,37.8,39,38.2,38.4
2018-09-06,36.8,38,37.15,37.35
2018-09-07,36.4,37.6,36.79,36.99
2018-09-08,36.4,37.6,36.79,36.99
2018-09-09,36.4,37.6,36.79,36.99
2018-09-10,36.8,38,37.18,37.38
2018-09-11,37.3,38.5,37.741,37.941
2018-09-12,37.6,38.8,38.05,38.25
2018-09-13,38.9,40.1,39.35,39.55
2018-09-14,39.2,40.4,39.66,39.86
2018-09-15,39.2,40.4,39.66,39.86
2018-09-16,39.2,40.4,39.66,39.86
2018-09-17,39,40.2,39.33,39.53
2018-09-18,39.1,40.3,39.531,39.731
2018-09-19,38.6,39.8,39.01,39.21
2018-09-20,37.6,38.8,38,38.2
2018-09-21,36.6,37.8,36.95,37.15
2018-09-22,36.6,37.8,36.95,37.15
2018-09-23,36.6,37.8,36.95,37.15
2018-09-24,36.7,37.9,37.1,37.3
2018-09-25,37.5,38.7,37.9,38.1
2018-09-26,38,39.2,38.31,38.51
2018-09-27,38.8,40.6,39.5,39.7
2018-09-28,40.3,42.1,41.05,41.25
2018-09-29,40.3,42.1,41.05,41.25
2018-09-30,40.3,42.1,41.05,41.25
2018-10-01,38.7,40.5,39.4,39.6
2018-10-02,37.2,39,37.9,38.1
2018-10-03,36.8,38.6,37.49,37.69
2018-10-04,37.4,39.2,38.1,38.3
2018-10-05,36.9,38.7,37.64,37.84
2018-10-06,36.9,38.7,37.64,37.84
2018-10-07,36.9,38.7,37.64,37.84
2018-10-08,36.6,38.4,37.22,37.42
2018-10-09,36.2,38,36.92,37.12
2018-10-10,36.3,38.1,37.05,37.25
2018-10-11,35.7,37.5,36.37,36.57
2018-10-12,35.8,37.6,36.55,36.75
2018-10-13,35.8,37.6,36.55,36.75
2018-10-14,35.8,37.6,36.55,36.75
2018-10-15,35.8,37.6,36.55,36.75
2018-10-16,35.1,36.9,35.8,36
2018-10-17,35.3,37.1,35.98,36.18
2018-10-18,35.7,37.5,36.45,36.65
2018-10-19,35.7,37.5,36.34,36.54
2018-10-22,35.5,37.3,36.26,36.46
2018-10-23,35.7,37.5,36.39,36.59
2018-10-24,36.1,37.9,36.8,37
2018-10-25,35.9,37.7,36.59,36.79
2018-10-26,36,37.8,36.64,36.84
2018-10-27,36,37.8,36.64,36.84
2018-10-28,36,37.8,36.64,36.84
2018-10-29,36,37.8,36.7,36.9
2018-10-30,35.8,37.6,36.51,36.71
2018-10-31,35,36.8,35.75,35.95
2018-11-01,34.8,36.6,35.47,35.67
2018-11-02,34.6,36.4,35.29,35.49
2018-11-03,34.6,36.4,35.29,35.49
2018-11-04,34.6,36.4,35.29,35.49
2018-11-05,34.6,36.4,35.45,35.65
2018-11-06,34.6,36.4,35.45,35.65
2018-11-07,34.8,36.6,35.47,35.67
2018-11-08,34.6,36.4,35.3,35.5
2018-11-09,34.5,36.3,35.2,35.4
2018-11-10,34.5,36.3,35.2,35.4
2018-11-11,34.5,36.3,35.2,35.4
2018-11-12,34.7,36.5,35.38,35.58
2018-11-13,35.1,36.9,35.85,36.05
2018-11-14,35.1,36.9,35.7,35.9
2018-11-15,35.1,36.9,35.85,36.05
2018-11-16,35.1,36.9,35.73,35.93
2018-11-17,35.1,36.9,35.73,35.93
2018-11-18,35.1,36.9,35.73,35.93
2018-11-19,35.1,36.9,35.73,35.93
2018-11-20,35.3,37.1,35.98,36.18
2018-11-21,35.3,37.1,36.055,36.255
2018-11-22,35.6,37.4,36.3,36.5
2018-11-23,36.7,38.5,37.4,37.6
2018-11-24,36.7,38.5,37.4,37.6
2018-11-25,36.7,38.5,37.4,37.6
2018-11-26,38.1,39.9,38.85,39.05
2018-11-27,37.7,39.5,38.35,38.55
2018-11-28,37.6,39.4,38.26,38.46
2018-11-29,36.8,38.6,37.52,37.72
2018-11-30,36.8,38.6,37.52,37.72
2018-12-01,36.8,38.6,37.52,37.72
2018-12-02,36.8,38.6,37.52,37.72
2018-12-03,35.6,37.4,36.3,36.5
2018-12-04,36.5,38.3,37.2,37.4
2018-12-05,36.6,38.4,37.25,37.45
2018-12-06,36.8,38.6,37.5,37.7
2018-12-07,36.5,38.3,37.2,37.4
2018-12-08,36.5,38.3,37.2,37.4
2018-12-09,36.5,38.3,37.2,37.4
2018-12-10,36.8,38.6,37.46,37.66
2018-12-11,36.9,38.7,37.61,37.81
2018-12-12,36.7,38.5,37.39,37.59
2018-12-13,36.9,38.7,37.63,37.83
2018-12-14,37.2,39,37.97,38.17
2018-12-15,37.2,39,37.97,38.17
2018-12-16,37.2,39,37.97,38.17
2018-12-17,37.3,39.1,38.06,38.26
2018-12-18,37.3,39.1,38.06,38.26
2018-12-19,37.4,39.2,38.17,38.37
2018-12-20,37.2,39,37.85,38.05
2018-12-21,37.1,38.9,37.775,37.975
2018-12-22,37.1,38.9,37.775,37.975
2018-12-23,37.1,38.9,37.775,37.975
2018-12-24,37.1,38.9,37.775,37.975
2018-12-25,37.1,38.9,37.775,37.975
2018-12-26,37.7,39.5,38.4,38.6
2018-12-27,37.5,39.3,38.1,38.3
2018-12-28,36.8,38.6,37.5,37.7
2018-12-29,36.8,38.6,37.5,37.7
2018-12-30,36.8,38.6,37.5,37.7
2018-12-31,36.8,38.6,37.5,37.7
2019-01-01,36.8,38.6,37.5,37.7
2019-01-02,36.8,38.6,37.45,37.65
2019-01-03,36.6,38.4,37.25,37.45
2019-01-04,36.5,38.3,37.17,37.37
2019-01-05,36.5,38.3,37.17,37.37
2019-01-06,36.5,38.3,37.17,37.37
2019-01-07,36.5,38.3,37.105,37.305
2019-01-08,36.7,38.5,37.4,37.6
2019-01-09,36.5,38.3,37.17,37.37
2019-01-10,36.2,38,36.88,37.08
2019-01-11,36,37.8,36.7,36.9
2019-01-12,36,37.8,36.7,36.9
2019-01-13,36,37.8,36.7,36.9
2019-01-14,36.1,37.9,36.8,37
2019-01-15,36.2,38,36.9,37.1
2019-01-16,36.6,38.4,37.3,37.5
2019-01-17,36.8,38.6,37.51,37.71
2019-01-18,36.7,38.5,37.38,37.58
2019-01-19,36.7,38.5,37.38,37.58
2019-01-20,36.7,38.5,37.38,37.58
2019-01-21,36.8,38.6,37.5,37.7
2019-01-22,36.6,38.4,37.33,37.53
2019-01-23,36.6,38.4,37.36,37.56
2019-01-24,36.5,38.3,37.2,37.4
2019-01-25,36.2,38,36.83,37.03
2019-01-26,36.2,38,36.83,37.03
2019-01-27,36.2,38,36.83,37.03
2019-01-28,36.2,38,36.95,37.15
2019-01-29,36.8,38.6,37.5,37.7
2019-01-30,36.6,38.4,37.31,37.51
2019-01-31,36.4,38.2,37.15,37.35
2019-02-01,36.3,38.1,36.97,37.17
2019-02-02,36.3,38.1,36.97,37.17
2019-02-03,36.3,38.1,36.97,37.17
2019-02-04,36.3,38.1,36.99,37.19
2019-02-05,36.3,38.1,37,37.2
2019-02-06,36.6,38.4,37.32,37.52
2019-02-07,36.9,38.7,37.62,37.82
2019-02-08,36.9,38.7,37.65,37.85
2019-02-09,36.9,38.7,37.65,37.85
2019-02-10,36.9,38.7,37.65,37.85
2019-02-11,37,38.8,37.71,37.91
2019-02-12,37.1,38.9,37.79,37.99
2019-02-13,37.3,39.1,38.02,38.22
2019-02-14,37.3,39.1,38.02,38.22
2019-02-15,37.7,39.5,38.42,38.62
2019-02-16,37.7,39.5,38.42,38.62
2019-02-17,37.7,39.5,38.42,38.62
2019-02-18,37.9,39.7,38.6,38.8
2019-02-19,38.4,40.2,39.07,39.27
2019-02-20,38.8,40.6,39.47,39.67
2019-02-21,38.6,40.4,39.33,39.53
2019-02-22,38.3,40.1,39.02,39.22
2019-02-23,38.3,40.1,39.02,39.22
2019-02-24,38.3,40.1,39.02,39.22
2019-02-25,38.1,39.9,38.849,39.049
2019-02-26,38,39.8,38.67,38.87
2019-02-27,37.9,39.7,38.62,38.82
2019-02-28,38.3,40.1,38.95,39.15
2019-03-01,38.9,40.7,39.61,39.81
2019-03-02,38.9,40.7,39.61,39.81
2019-03-03,38.9,40.7,39.61,39.81
2019-03-04,38.9,40.7,39.61,39.81
2019-03-05,38.9,40.7,39.61,39.81
2019-03-06,39.8,41.6,40.55,40.75
2019-03-07,41.5,43.5,42.3,42.5
2019-03-08,40.2,42.2,41,41.2
2019-03-09,40.2,42.2,41,41.2
2019-03-10,40.2,42.2,41,41.2
2019-03-11,40.3,42.3,41.1,41.3
2019-03-12,40.5,42.5,41.3,41.5
2019-03-13,40.2,42.2,41,41.2
2019-03-14,39.8,41.8,40.57,40.77
2019-03-15,39,41,39.8,40
2019-03-16,39,41,39.8,40
2019-03-17,39,41,39.8,40
2019-03-18,39,41,39.8,40
2019-03-19,39.5,41.5,40.3,40.5
2019-03-20,39.8,41.8,40.65,40.85
2019-03-21,40,42,40.85,41.05
2019-03-22,40.8,42.8,41.6,41.8
2019-03-23,40.8,42.8,41.6,41.8
2019-03-24,40.8,42.8,41.6,41.8
2019-03-25,41,43,41.88,42.08
2019-03-26,41.6,43.6,42.44,42.64
2019-03-27,42.9,44.9,43.67,43.87
2019-03-28,42.6,44.6,43.43,43.63
2019-03-29,42.3,44.3,43.15,43.35
2019-03-30,42.3,44.3,43.15,43.35
2019-03-31,42.3,44.3,43.15,43.35
2019-04-01,41.7,43.7,42.51,42.71
2019-04-02,41.7,43.7,42.51,42.71
2019-04-03,41.9,43.9,42.67,42.87
2019-04-04,42.4,44.4,43.21,43.41
2019-04-05,42.9,44.9,43.73,43.93
2019-04-06,42.9,44.9,43.73,43.93
2019-04-07,42.9,44.9,43.73,43.93
2019-04-08,42.7,44.7,43.5,43.7
2019-04-09,42.5,44.5,43.15,43.35
2019-04-10,42,44,42.81,43.01
2019-04-11,41.8,43.8,42.55,42.75
2019-04-12,41.2,43.2,41.98,42.18
2019-04-13,41.2,43.2,41.98,42.18
2019-04-14,41.2,43.2,41.98,42.18
2019-04-15,40.6,42.6,41.42,41.62
2019-04-16,41.4,43.4,42.19,42.39
2019-04-17,40.9,42.9,41.7,41.9
2019-04-18,40.9,42.9,41.7,41.9
2019-04-19,40.9,42.9,41.7,41.9
2019-04-20,40.9,42.9,41.7,41.9
2019-04-21,40.9,42.9,41.7,41.9
2019-04-22,41.5,43.5,42.28,42.48
2019-04-23,41.4,43.4,42.2,42.4
2019-04-24,42.9,44.9,43.75,43.95
2019-04-25,43.9,45.9,44.7,44.9
2019-04-26,45,47,45.77,45.97
2019-04-27,45,47,45.77,45.97
2019-04-28,45,47,45.77,45.97
2019-04-29,43.3,45.3,44.125,44.325
2019-04-30,43.2,45.2,43.95,44.15
2019-05-01,43.2,45.2,43.95,44.15
2019-05-02,43.8,45.8,44.6,44.8
2019-05-03,43.4,45.4,44.24,44.44
2019-05-04,43.4,45.4,44.24,44.44
2019-05-05,43.4,45.4,44.24,44.44
2019-05-06,43.7,45.7,44.45,44.65
2019-05-07,44.3,46.3,45.13,45.33
2019-05-08,44.1,46.1,44.9,45.1
2019-05-09,44.3,46.3,45.05,45.25
2019-05-10,43.8,45.8,44.6,44.8
2019-05-11,43.8,45.8,44.6,44.8
2019-05-12,43.8,45.8,44.6,44.8
2019-05-13,44.1,46.1,44.9,45.1
2019-05-14,44,46,44.77,44.97
2019-05-15,44,46,44.8,45
2019-05-16,43.8,45.8,44.59,44.79
2019-05-17,44,46,44.8,45
2019-05-18,44,46,44.8,45
2019-05-19,44,46,44.8,45
2019-05-20,44.2,46.2,44.99,45.19
2019-05-21,43.8,45.8,44.57,44.77
2019-05-22,43.9,45.9,44.7,44.9
2019-05-23,44.1,46.1,44.89,45.09
2019-05-24,43.8,45.8,44.62,44.82
2019-05-25,43.8,45.8,44.62,44.82
2019-05-26,43.8,45.8,44.62,44.82
2019-05-27,43.9,45.9,44.65,44.85
2019-05-28,43.7,45.7,44.49,44.69
2019-05-29,43.4,45.4,44.25,44.45
2019-05-30,43.5,45.5,44.35,44.55
2019-05-31,43.8,45.8,44.56,44.76
2019-06-01,43.8,45.8,44.56,44.76
2019-06-02,43.8,45.8,44.56,44.76
2019-06-03,43.9,45.9,44.67,44.87
2019-06-04,43.7,45.7,44.51,44.71
2019-06-05,43.9,45.9,44.7,44.9
2019-06-06,43.9,45.9,44.73,44.93
2019-06-07,43.9,45.9,44.65,44.85
2019-06-08,43.9,45.9,44.65,44.85
2019-06-09,43.9,45.9,44.65,44.85
2019-06-10,43.9,45.9,44.7,44.9
2019-06-11,43.7,45.7,44.5,44.7
2019-06-12,42.7,44.7,43.47,43.67
2019-06-13,42.4,44.4,43.17,43.37
2019-06-14,43,45,43.77,43.97
2019-06-15,43,45,43.77,43.97
2019-06-16,43,45,43.77,43.97
2019-06-17,43,45,43.77,43.97
2019-06-18,42.5,44.5,43.28,43.48
2019-06-19,42.3,44.3,43.1,43.3
2019-06-20,42.3,44.3,43.1,43.3
2019-06-21,41.8,43.8,42.59,42.79
2019-06-22,41.8,43.8,42.59,42.79
2019-06-23,41.8,43.8,42.59,42.79
2019-06-24,41.5,43.5,42.24,42.44
2019-06-25,41.4,43.4,42.18,42.38
2019-06-26,41.7,43.7,42.53,42.73
2019-06-27,41.7,43.7,42.5,42.7
2019-06-28,41.5,43.5,42.263,42.463
2019-06-29,41.5,43.5,42.263,42.463
2019-06-30,41.5,43.5,42.263,42.463
2019-07-01,41.4,43.4,42.17,42.37
2019-07-02,41.2,43.2,42,42.2
2019-07-03,41,43,41.83,42.03
2019-07-04,40.8,42.8,41.64,41.84
2019-07-05,40.8,42.8,41.65,41.85
2019-07-06,40.8,42.8,41.65,41.85
2019-07-07,40.8,42.8,41.65,41.85
2019-07-08,40.8,42.8,41.65,41.85
2019-07-09,40.8,42.8,41.65,41.85
2019-07-10,40.8,42.8,41.62,41.82
2019-07-11,40.7,42.7,41.5,41.7
2019-07-12,40.6,42.6,41.4,41.6
2019-07-13,40.6,42.6,41.4,41.6
2019-07-14,40.6,42.6,41.4,41.6
2019-07-15,41.4,43.4,42.2,42.4
2019-07-16,41.6,43.6,42.46,42.66
2019-07-17,41.5,43.5,42.3,42.5
2019-07-18,41.5,43.5,42.25,42.45
2019-07-19,41.4,43.4,42.22,42.42
2019-07-20,41.4,43.4,42.22,42.42
2019-07-21,41.4,43.4,42.22,42.42
2019-07-22,41.4,43.4,42.25,42.45
2019-07-23,41.6,43.6,42.46,42.66
2019-07-24,41.9,43.9,42.67,42.87
2019-07-25,42.4,44.4,43.17,43.37
2019-07-26,42.4,44.4,43.15,43.35
2019-07-27,42.4,44.4,43.15,43.35
2019-07-28,42.4,44.4,43.15,43.35
2019-07-29,42.8,44.8,43.63,43.83
2019-07-30,42.9,44.9,43.73,43.93
2019-07-31,42.9,44.9,43.68,43.88
2019-08-01,43.4,45.4,44.16,44.36
2019-08-02,43.6,45.6,44.45,44.65
2019-08-03,43.6,45.6,44.45,44.65
2019-08-04,43.6,45.6,44.45,44.65
2019-08-05,44.4,46.4,45.29,45.49
2019-08-06,44.3,46.3,45.1,45.3
2019-08-07,44.6,46.6,45.39,45.59
2019-08-08,44.2,46.2,45.02,45.22
2019-08-09,44.2,46.2,45.05,45.25
2019-08-10,44.2,46.2,45.05,45.25
2019-08-11,44.2,46.2,45.05,45.25
2019-08-12,51,55,52.8,53
2019-08-13,53,58,55.6,55.8
2019-08-14,57,63,60.2,60.4
2019-08-15,54,59,57.05,57.25
2019-08-16,52,57,54.8,55
2019-08-17,52,57,54.8,55
2019-08-18,52,57,54.8,55
2019-08-19,52,57,54.8,55
2019-08-20,52,57,54.55,54.75
2019-08-21,52,57,54.82,55.02
2019-08-22,53,57,54.89,55.09
2019-08-23,53,57,54.95,55.15
2019-08-24,53,57,54.95,55.15
2019-08-25,53,57,54.95,55.15
2019-08-26,53,57,55.09,55.29
2019-08-27,54,58,56.1,56.3
2019-08-28,56,60,57.9,58.1
2019-08-29,56,60,57.7,57.9
2019-08-30,57,61,59.31,59.51
2019-08-31,57,61,59.31,59.51
2019-09-01,57,61,59.31,59.51
2019-09-02,53,57,55.8,56
2019-09-03,53,57,55.78,55.98
2019-09-04,53,57,55.8,56
2019-09-05,54,57,55.81,56.01
2019-09-06,54,57,55.62,55.82
2019-09-07,54,57,55.62,55.82
2019-09-08,54,57,55.62,55.82
2019-09-09,54,57,55.82,56.02
2019-09-10,54,57,55.81,56.01
2019-09-11,54,57,55.98,56.18
2019-09-12,54.25,57.25,55.9,56.1
2019-09-13,54.25,57.5,55.91,56.11
2019-09-14,54.25,57.5,55.91,56.11
2019-09-15,54.25,57.5,55.91,56.11
2019-09-16,54.5,58,56.08,56.28
2019-09-17,55,58.5,56.3,56.5
2019-09-18,55,58.5,56.32,56.52
2019-09-19,55,58.5,56.37,56.57
2019-09-20,55,58.5,56.47,56.67
2019-09-21,55,58.5,56.47,56.67
2019-09-22,55,58.5,56.47,56.67
2019-09-23,55,58.5,56.72,56.92
2019-09-24,55,58.5,56.67,56.87
2019-09-25,55,58.5,56.85,57.05
2019-09-26,55.5,59,57.01,57.21
2019-09-27,55.5,59,57.01,57.21
2019-09-30,55.5,59,57.39,57.59
2019-10-01,56,59.5,57.44,57.64
2019-10-02,56,59.5,57.62,57.82
2019-10-03,56,59.5,57.53,57.73
2019-10-04,55.9,59.4,57.53,57.73
2019-10-05,55.9,59.4,57.53,57.73
2019-10-06,55.9,59.4,57.53,57.73
2019-10-07,55.9,59.4,57.64,57.84
2019-10-11,56,59.5,57.78,57.98
2019-10-15,56,59.5,58.07,58.27
2019-10-16,56,59.5,58.148,58.348
2019-10-17,56,59.5,58.119,58.319
2019-10-18,56.5,60,58.15,58.35
2019-10-19,56.5,60,58.15,58.35
2019-10-20,56.5,60,58.15,58.35
2019-10-21,57,60.5,58.31,58.51
2019-10-22,57.25,60.75,58.45,58.65
2019-10-23,58,61.5,58.8,59
2019-10-24,59,62.5,59.25,59.45
2019-10-25,60,65,59.8,60
2019-10-26,60,65,59.8,60
2019-10-27,60,65,59.8,60
2019-10-28,60,65,59.8,60
2019-10-29,58.5,63.5,59.27,59.47
2019-10-30,58.5,63.5,59.52,59.72
2019-10-31,58.5,63.5,59.47,59.67
2019-11-01,58.5,63.5,59.55,59.75
2019-11-02,58.5,63.5,59.55,59.75
2019-11-04,58.5,63.5,59.5,59.7
2019-11-05,59,63.5,59.45,59.65
2019-11-06,59,63.5,59.45,59.65
2019-11-07,58,63,59.4,59.6
2019-11-08,58,63,59.3,59.5
2019-11-09,58,63,59.3,59.5
2019-11-10,58,63,59.3,59.5
2019-11-11,58,63,59.75,59.95
2019-11-12,57.75,62.75,59.5,59.7
2019-11-13,57.75,62.75,59.52,59.72
2019-11-15,57.5,62.5,59.47,59.67
2019-11-16,57.5,62.5,59.47,59.67
2019-11-17,57.5,62.5,59.47,59.67
2019-11-18,57.5,62.5,59.47,59.67
2019-11-19,57.5,62.5,59.49,59.69
2019-11-20,57.5,62.5,59.53,59.73
2019-11-21,57.5,62.5,59.6,59.8
2019-11-22,57.5,62.5,59.57,59.77
2019-11-23,57.5,62.5,59.57,59.77
2019-11-25,57.5,62.5,59.51,59.71
2019-11-26,57.75,62.25,59.74,59.94
2019-11-27,57.75,62.25,59.74,59.94
2019-11-28,57.75,62.25,59.65,59.85
2019-11-29,57.75,62.25,59.74,59.94
2019-11-30,57.75,62.25,59.74,59.94
2019-12-01,57.75,62.25,59.74,59.94
2019-12-02,57.75,62.25,59.775,59.975
2019-12-03,57.75,62.25,59.725,59.925
2019-12-04,57.75,62.25,59.68,59.88
2019-12-05,57.75,62.25,59.785,59.985
2019-12-06,57.75,62.25,59.74,59.94
2019-12-07,57.75,62.25,59.74,59.94
2019-12-08,57.75,62.25,59.74,59.94
2019-12-09,58,62.5,59.745,59.945
2019-12-10,58,62.75,59.65,59.85
2019-12-11,58,63,59.615,59.815
2019-12-12,58,63,59.615,59.815
2019-12-13,58,63,59.616,59.816
2019-12-14,58,63,59.616,59.816
2019-12-15,58,63,59.616,59.816
2019-12-16,58,63,59.615,59.815
2019-12-17,58,63,59.615,59.815
2019-12-19,58,63,59.615,59.815
2019-12-20,58,63,59.615,59.815
2019-12-21,58,63,59.615,59.815
2019-12-22,58,63,59.615,59.815
2019-12-23,58,63,59.79,59.99
2019-12-25,58,63,59.79,59.99
2019-12-26,58,63,59.69,59.89
2019-12-27,58,63,59.63,59.83
2019-12-28,58,63,59.63,59.83
2019-12-30,58,63,59.69,59.89
2019-12-31,58,63,59.69,59.89
2020-01-01,58,63,59.69,59.89
2020-01-02,58,63,59.615,59.815
2020-01-03,58,63,59.615,59.815
2020-01-04,58,63,59.615,59.815
2020-01-05,58,63,59.615,59.815
2020-01-06,58,63,59.615,59.815
2020-01-07,58,63,59.615,59.815
2020-01-08,58,63,59.615,59.815
2020-01-09,58,63,59.615,59.815
2020-01-12,58,63,59.616,59.816
2020-01-13,58,63,59.75,59.95
2020-01-14,58,63,59.86,60.06
2020-01-15,58,63,59.75,59.95
2020-01-16,58,63,59.775,59.975
2020-01-17,58,63,59.805,60.005
2020-01-18,58,63,59.805,60.005
2020-01-19,58,63,59.805,60.005
2020-01-20,58,63,59.86,60.06
2020-01-21,58,63,59.86,60.06
2020-01-22,58,63,59.87,60.07
2020-01-23,58,63,59.88,60.08
2020-01-24,58,63,59.891,60.091
2020-01-25,58,63,59.891,60.091
2020-01-26,58,63,59.891,60.091
2020-01-27,58,63,59.97,60.17
2020-01-28,58,63,59.98,60.18
2020-01-29,58,63,60.03,60.23
2020-01-31,58,63,60.15,60.35
2020-02-01,58,63,60.15,60.35
2020-02-02,58,63,60.15,60.35
2020-02-03,58,63,60.27,60.47
2020-02-04,58,63,60.38,60.58
2020-02-05,58,63,60.39,60.59
2020-02-06,58,63,60.49,60.69
2020-02-07,58,63,60.49,60.69
2020-02-13,58.25,63.25,61.189,61.389
2020-02-14,58.25,63.25,61.259,61.459
2020-02-15,58.25,63.25,61.259,61.459
2020-02-16,58.25,63.25,61.259,61.459
2020-02-17,58.25,63.25,61.469,61.669
2020-02-18,58.25,63.25,61.462,61.662
2020-02-19,58.5,63.5,61.529,61.729
2020-02-20,58.5,63.5,61.589,61.789
2020-02-22,58.5,63.5,61.639,61.839
2020-02-23,58.5,63.5,61.639,61.839
2020-02-24,58.5,63.5,61.639,61.839
2020-02-25,58.5,63.5,61.639,61.839
2020-02-26,58.5,63.5,61.639,61.839
2020-02-27,58.75,63.75,61.939,62.139
2020-03-03,59,64,62.109,62.309
2020-03-04,59,64,62.109,62.309
2020-03-09,59,64,62.28,62.48
2020-03-10,59,64,62.33,62.53
2020-03-11,59,64,62.47,62.67
2020-03-12,59,64,62.47,62.67
2020-03-13,59.5,64.5,62.699,62.899
2020-03-14,59.5,64.5,62.699,62.899
2020-03-15,59.5,64.5,62.699,62.899
2020-03-16,59.5,64.5,62.839,63.039
2020-03-17,59.5,64.5,62.979,63.179
2020-03-18,60,65,63.13,63.33
2020-03-19,60,65,63.349,63.549
2020-03-20,60,65,63.57,63.77
2020-03-21,60,65,63.57,63.77
2020-03-23,60,65,63.57,63.77
2020-03-24,60,65,63.57,63.77
2020-03-25,60.25,65.25,63.85,64.05
2020-03-26,60.25,65.25,64.029,64.229
2020-03-27,60.5,65.5,64.209,64.409
2020-03-28,60.5,65.5,64.209,64.409
2020-03-30,60.75,65.75,64.269,64.469
2020-03-31,60.75,65.75,64.269,64.469
2020-04-01,61,66,64.329,64.529
2020-04-02,61,66,64.329,64.529
2020-04-03,61,66,64.52,64.72
2020-04-04,61,66,64.71,64.91
2020-04-05,61,66,64.71,64.91
2020-04-06,61.25,66.25,64.79,64.99
2020-04-07,61.5,66.5,64.869,65.069
2020-04-08,61.5,66.5,64.96,65.16
2020-04-09,61.5,66.5,64.96,65.16
2020-04-10,61.5,66.5,64.96,65.16
2020-04-11,61.5,66.5,64.96,65.16
2020-04-12,61.5,66.5,64.96,65.16
2020-04-13,61.75,66.75,65.18,65.38
2020-04-14,61.75,66.75,65.3,65.5
2020-04-15,61.75,66.75,65.419,65.619
2020-04-16,62.25,67.25,65.54,65.74
2020-04-17,62.25,67.25,65.66,65.86
2020-04-18,62.25,67.25,65.66,65.86
2020-04-19,62.25,67.25,65.66,65.86
2020-04-20,62.5,67.5,65.78,65.98
2020-04-21,62.75,67.75,65.89,66.09
2020-04-22,62.75,67.75,66.03,66.23
2020-04-23,62.75,67.75,66.12,66.32
2020-04-24,63.25,68.25,66.23,66.43
2020-04-25,63.25,68.25,66.23,66.43
2020-04-26,63.25,68.25,66.23,66.43
2020-04-27,63.25,68.25,66.33,66.53
2020-04-28,63.5,68.5,66.43,66.63
2020-04-29,63.5,68.5,66.43,66.63
2020-04-30,63.75,68.75,66.64,66.84
2020-05-01,63.75,68.75,66.64,66.84
2020-05-02,63.75,68.75,66.64,66.84
2020-05-03,63.75,68.75,66.64,66.84
2020-05-04,63.75,68.75,66.73,66.93
2020-05-05,63.75,68.75,66.8,67
2020-05-06,63.75,68.75,66.8,67
2020-05-07,64.25,69.25,66.99,67.19
2020-05-08,64.25,69.25,67.07,67.27
2020-05-09,64.25,69.25,67.07,67.27
2020-05-10,64.25,69.25,67.07,67.27
2020-05-12,64.25,69.25,67.26,67.46
2020-05-13,64.75,69.75,67.34,67.54
2020-05-14,64.75,69.75,67.44,67.64
2020-05-15,64.75,69.75,67.44,67.64
2020-05-16,64.75,69.75,67.53,67.73
2020-05-17,64.75,69.75,67.53,67.73
2020-05-18,65,70,67.62,67.82
2020-05-19,65,70,67.7,67.9
2020-05-20,65,70,67.7,67.9
2020-05-21,65,70,67.89,68.09
2020-05-22,65.25,70.25,67.98,68.18
2020-05-23,65.25,70.25,67.98,68.18
2020-05-24,65.25,70.25,67.98,68.18
2020-05-25,65.25,70.25,67.98,68.18
2020-05-26,65.25,70.25,68.07,68.27
2020-05-27,65.25,70.25,68.16,68.36
2020-05-28,65.25,70.25,68.16,68.36
2020-05-29,65.5,70.5,68.34,68.54
2020-05-30,65.5,70.5,68.34,68.54
2020-05-31,65.5,70.5,68.34,68.54
2020-06-01,65.5,70.5,68.43,68.63
2020-06-02,65.5,70.5,68.51,68.71
2020-06-03,65.5,70.5,68.51,68.71
2020-06-04,65.75,70.75,68.7,68.9
2020-06-05,65.75,70.75,68.79,68.99
2020-06-06,65.75,70.75,68.79,68.99
2020-06-07,65.75,70.75,68.79,68.99
2020-06-08,65.75,70.75,68.88,69.08
2020-06-09,65.75,70.75,68.88,69.08
2020-06-10,66.5,71.5,69.06,69.26
2020-06-11,66.5,71.5,69.06,69.26
2020-06-12,67,72,69.17,69.37
2020-06-13,67,72,69.17,69.37
2020-06-14,67,72,69.17,69.37
2020-06-15,67,72,69.17,69.37
2020-06-16,67,72,69.17,69.37
2020-06-17,67.25,72.25,69.41,69.61
2020-06-18,67.5,72.5,69.47,69.67
2020-06-19,67.5,72.5,69.6,69.8
2020-06-20,67.5,72.5,69.6,69.8
2020-06-22,67.5,72.5,69.77,69.97
2020-06-23,67.75,72.75,69.77,69.97
2020-06-24,68,73,69.9,70.1
2020-06-25,68,73,69.96,70.16
2020-06-26,68,73,70.02,70.22
2020-06-27,68,73,70.02,70.22
2020-06-28,68,73,70.02,70.22
2020-06-29,68,73,70.02,70.22
2020-06-30,68.5,73.5,70.26,70.46
2020-07-01,68.5,73.5,70.32,70.52
2020-07-02,68.75,73.75,70.38,70.58
2020-07-03,69,74,70.44,70.64
2020-07-04,69,74,70.44,70.64
2020-07-05,69,74,70.44,70.64
2020-07-06,69,74,70.62,70.82
2020-07-07,69,74,70.67,70.87
2020-07-08,69.25,74.25,70.67,70.87
2020-07-09,69.5,74.5,70.74,70.94
2020-07-10,69.5,74.5,70.74,70.94
2020-07-11,69.5,74.5,70.74,70.94
2020-07-12,69.5,74.5,70.74,70.94
2020-07-13,69.5,74.5,71.04,71.24
2020-07-14,69.75,74.75,71.04,71.24
2020-07-15,70,75,71.16,71.36
2020-07-16,70,75,71.16,71.36
2020-07-17,70.25,75.25,71.28,71.48
2020-07-18,70.25,75.25,71.28,71.48
2020-07-19,70.25,75.25,71.28,71.48
2020-07-21,70.5,75.5,71.46,71.66
2020-07-22,70.5,75.5,71.52,71.72
2020-07-23,70.5,75.5,71.58,71.78
2020-07-24,70.75,75.75,71.64,71.84
2020-07-25,70.75,75.75,71.7,71.9
2020-07-28,70.75,75.75,71.88,72.08
2020-07-29,71,76,71.94,72.14
2020-07-30,71,76,72.06,72.26
2020-07-31,71.25,76.25,72.12,72.32
2020-08-01,71.25,76.25,72.12,72.32
2020-08-02,71.25,76.25,72.12,72.32
2020-08-03,71.5,76.5,72.32,72.52
2020-08-04,71.5,76.5,72.37,72.57
2020-08-05,71.75,76.75,72.42,72.62
2020-08-06,71.75,76.75,72.42,72.62
2020-08-07,71.75,76.75,72.57,72.77
2020-08-08,71.75,76.75,72.57,72.77
2020-08-11,72,77,72.75,72.95
2020-08-12,72,77,72.8,73
2020-08-13,72,77,72.85,73.05
2020-08-14,72.25,77.25,72.91,73.11
2020-08-15,72.25,77.25,72.96,73.16
2020-08-16,72.25,77.25,72.96,73.16
2020-08-18,72.5,77.5,72.96,73.16
2020-08-19,72.5,77.5,73.2,73.4
2020-08-20,72.5,77.5,73.28,73.48
2020-08-21,72.5,77.5,73.33,73.53
2020-08-22,72.5,77.5,73.38,73.58
2020-08-24,72.75,77.75,73.53,73.73
2020-08-25,72.75,77.75,73.61,73.81
2020-08-26,72.75,77.75,73.66,73.86
2020-08-27,72.75,77.75,73.74,73.94
2020-08-28,73,78,73.74,73.94
2020-09-02,73.25,78.25,74.12,74.32
2020-09-03,73.25,78.25,74.18,74.38
2020-09-04,73.25,78.25,74.18,74.38
2020-09-05,73.5,78.5,74.24,74.44
2020-09-06,73.5,78.5,74.24,74.44
2020-09-07,73.5,78.5,74.45,74.65
2020-09-08,73.75,78.75,74.51,74.71
2020-09-09,73.75,78.75,74.57,74.77
2020-09-10,74,79,74.64,74.84
2020-09-11,74,79,74.71,74.91
2020-09-12,74,79,74.71,74.91
2020-09-13,74,79,74.71,74.91
2020-09-14,74,79,74.92,75.12
2020-09-15,74.25,79.25,74.99,75.19
2020-09-16,74.25,79.25,75.05,75.25
2020-09-17,74.25,79.25,75.05,75.25
2020-09-18,74.25,79.25,75.18,75.38
2020-09-19,74.25,79.25,75.18,75.38
2020-09-22,74.5,79.5,75.45,75.65
2020-09-23,74.5,79.5,75.45,75.65
2020-09-24,74.75,79.75,75.58,75.78
2020-09-25,74.75,79.75,75.65,75.85
2020-09-26,74.75,79.75,75.65,75.85
2020-09-28,74.75,79.75,75.86,76.06
2020-09-29,74.75,79.75,75.86,76.06
2020-09-30,75,80,75.92,76.12
2020-10-01,75.25,80.25,76.05,76.25
2020-10-02,76.5,81.5,76.75,76.95
2020-10-03,76.5,81.5,76.75,76.95
2020-10-05,76.75,81.75,76.81,77.01
2020-10-06,76.75,81.75,76.81,77.01
2020-10-07,76,82,76.91,77.11
2020-10-08,76,82,76.91,77.11
2020-10-09,76,82,76.95,77.15
2020-10-10,76,82,76.95,77.15
2020-10-13,76.25,82.25,77.23,77.43
2020-10-14,76.25,82.25,77.23,77.43
2020-10-15,76.5,82.5,77.27,77.47
2020-10-16,76.5,82.5,77.32,77.52
2020-10-17,76.5,82.5,77.32,77.52
2020-10-18,76.5,82.5,77.32,77.52
2020-10-19,76.5,82.5,77.32,77.52
2020-10-20,76.75,82.75,77.48,77.68
2020-10-21,76.75,82.75,77.48,77.68
2020-10-22,77.25,83.25,77.88,78.08
2020-10-23,77.5,83.5,77.93,78.13
2020-10-24,77.5,83.5,77.93,78.13
2020-10-25,77.5,83.5,77.93,78.13
2020-10-26,77.5,83.5,78.06,78.26
2020-10-27,77.5,83.5,78.1,78.3
2020-10-28,77.5,83.5,78.11,78.31
2020-10-29,77.5,83.5,78.1,78.3
2020-10-30,77.5,83.5,78.12,78.32
2020-10-31,77.5,83.5,78.12,78.32
2020-11-01,77.5,83.5,78.12,78.32
2020-11-02,77.75,83.75,78.49,78.69
2020-11-03,78,84,78.73,78.93
2020-11-04,78.25,84.25,78.83,79.03
2020-11-05,78.25,84.25,78.9,79.1
2020-11-06,78.25,84.25,78.9,79.1
2020-11-07,78.25,84.25,78.9,79.1
2020-11-08,78.25,84.25,78.9,79.1
2020-11-09,78.5,84.5,79.15,79.35
2020-11-10,78.75,84.75,79.23,79.43
2020-11-11,78.75,84.75,79.29,79.49
2020-11-12,79,85,79.36,79.56
2020-11-13,79,85,79.55,79.75
2020-11-14,79,85,79.55,79.75
2020-11-15,79,85,79.55,79.75
2020-11-16,79.25,85.25,79.77,79.97
2020-11-17,79.25,85.25,79.84,80.04
2020-11-18,79.25,85.25,79.95,80.15
2020-11-19,79.5,85.5,80.08,80.28
2020-11-20,79.5,85.5,80.15,80.35
2020-11-21,79.5,85.5,80.15,80.35
2020-11-22,79.5,85.5,80.15,80.35
2020-11-23,79.5,85.5,80.15,80.35
2020-11-24,79.75,85.75,80.5,80.7
2020-11-25,79.75,85.75,80.59,80.79
2020-11-26,80,86,80.69,80.89
2020-11-27,80.25,86.25,80.87,81.07
2020-11-28,80.25,86.25,80.87,81.07
2020-11-29,80.25,86.25,80.87,81.07
2020-11-30,80.5,86.5,81.11,81.31
2020-12-01,80.5,86.5,81.23,81.43
2020-12-02,80.5,86.5,81.29,81.49
2020-12-03,80.75,86.75,81.36,81.56
2020-12-04,80.75,86.75,81.45,81.65
2020-12-05,80.75,86.75,81.45,81.65
2020-12-06,80.75,86.75,81.45,81.65
2020-12-07,80.75,86.75,81.45,81.65
2020-12-08,80.75,86.75,81.45,81.65
2020-12-09,81.25,87.25,81.84,82.04
2020-12-10,81.5,87.5,81.93,82.13
2020-12-11,81.5,87.5,82.01,82.21
2020-12-12,81.5,87.5,82.01,82.21
2020-12-13,81.5,87.5,82.01,82.21
2020-12-14,81.5,87.5,82.25,82.45
2020-12-15,81.75,87.75,82.33,82.53
2020-12-16,81.75,87.75,82.42,82.62
2020-12-17,81.75,87.75,82.51,82.71
2020-12-18,82,88,82.64,82.84
2020-12-19,82,88,82.64,82.84
2020-12-20,82,88,82.64,82.84
2020-12-21,82.25,88.25,82.95,83.15
2020-12-22,82.25,88.25,82.95,83.15
2020-12-23,82.5,88.5,83.16,83.36
2020-12-24,82.5,88.5,83.16,83.36
2020-12-25,82.5,88.5,83.16,83.36
2020-12-26,82.5,88.5,83.16,83.36
2020-12-29,83,89,83.82,84.02
2020-12-30,83,89,83.82,84.02
2020-12-31,83.25,89.25,83.95,84.15
2021-01-01,83.25,89.25,83.95,84.15
2021-01-02,83.25,89.25,83.95,84.15
2021-01-03,83.25,89.25,83.95,84.15
2021-01-04,83.5,89.5,84.5,84.7
2021-01-05,83.75,89.75,84.61,84.81
2021-01-06,83.75,89.75,84.71,84.91
2021-01-08,84,90,84.8,85
2021-01-09,84,90,84.92,85.12
2021-01-12,84.5,90.5,85.27,85.47
2021-01-13,84.5,90.5,85.27,85.47
2021-01-14,84.75,90.75,85.35,85.55
2021-01-15,84.75,90.75,85.44,85.64
2021-01-16,84.75,90.75,85.54,85.74
2021-01-18,85,91,85.88,86.08
2021-01-19,85.25,91.25,85.88,86.08
2021-01-21,85.5,91.5,86.15,86.35
2021-01-22,85.75,91.75,86.23,86.43
2021-01-23,85.75,91.75,86.37,86.57
2021-01-26,86,92,86.7,86.9
2021-01-27,86,92,86.82,87.02
2021-01-28,86,92,86.91,87.11
2021-01-29,86.25,92.25,87.13,87.33
2021-01-30,86.25,92.25,87.13,87.33
2021-01-31,86.25,92.25,87.13,87.33
